file,slug,inferred_parent
0750-0753.pdf,0750-0753,0750-0753
Al724.pdf,Al724,Al724
Al764.pdf,Al764,Al764
Al764T.pdf,Al764T,Al764T
An633.pdf,An633,An633
An633T.pdf,An633T,An633T
An670.pdf,An670,An670
An670T.pdf,An670T,An670T
An740.pdf,An740,An740
An740T.pdf,An740T,An740T
Ay718.pdf,Ay718,Ay718
Ay718T.pdf,Ay718T,Ay718T
Ay800.pdf,Ay800,Ay800
Co721.pdf,Co721,Co721
Co721T.pdf,Co721T,Co721T
Fr720.pdf,Fr720,Fr720
Fr720T.pdf,Fr720T,Fr720T
Ma733.pdf,Ma733,Ma733
Ma733T.pdf,Ma733T,Ma733T
Oc111.pdf,Oc111,Oc111
Oc731.pdf,Oc731,Oc731
Oc750.pdf,Oc750,Oc750
Oc753.pdf,Oc753,Oc753
Oc753T.pdf,Oc753T,Oc753T
Qu708.pdf,Qu708,Qu708
Qu708T.pdf,Qu708T,Qu708T
Ri832.pdf,Ri832,Ri832
SAE718.pdf,SAE718,SAE718
SDE660.pdf,SDE660,SDE660
SDE670.pdf,SDE670,SDE670
SDE677.pdf,SDE677,SDE677
SDE677T.pdf,SDE677T,SDE677T
SDE679.pdf,SDE679,SDE679
SDE688.pdf,SDE688,SDE688
SDE693a.pdf,SDE693a,SDE693a
SDE693b.pdf,SDE693b,SDE693b
SDE700a.pdf,SDE700a,SDE700a
SDE700aT.pdf,SDE700aT,SDE700aT
SDE700b.pdf,SDE700b,SDE700b
SDE701a.pdf,SDE701a,SDE701a
SDE701b.pdf,SDE701b,SDE701b
SDE702a.pdf,SDE702a,SDE702a
SDE702aT.pdf,SDE702aT,SDE702aT
SDE702b.pdf,SDE702b,SDE702b
SDE702c.pdf,SDE702c,SDE702c
SDE702cT.pdf,SDE702cT,SDE702cT
SDE705.pdf,SDE705,SDE705
SDE707.pdf,SDE707,SDE707
SDE714.pdf,SDE714,SDE714
SDE715a.pdf,SDE715a,SDE715a
SDE715aT.pdf,SDE715aT,SDE715aT
SDE715b.pdf,SDE715b,SDE715b
SDE716T.pdf,SDE716T,SDE716T
SDE720.pdf,SDE720,SDE720
SDE721.pdf,SDE721,SDE721
SDE724a.pdf,SDE724a,SDE724a
SDE724aT.pdf,SDE724aT,SDE724aT
SDE724b.pdf,SDE724b,SDE724b
SDE724bT.pdf,SDE724bT,SDE724bT
SDE724c.pdf,SDE724c,SDE724c
SDE725a.pdf,SDE725a,SDE725a
SDE725aT.pdf,SDE725aT,SDE725aT
SDE725b.pdf,SDE725b,SDE725b
SDE725c.pdf,SDE725c,SDE725c
SDE726.pdf,SDE726,SDE726
SDE726T.pdf,SDE726T,SDE726T
SDE727.pdf,SDE727,SDE727
SDE728.pdf,SDE728,SDE728
SDE732.pdf,SDE732,SDE732
SDE734.pdf,SDE734,SDE734
SDE734T.pdf,SDE734T,SDE734T
SDE736.pdf,SDE736,SDE736
SDE736T.pdf,SDE736T,SDE736T
SDE737a.pdf,SDE737a,SDE737a
SDE737aT.pdf,SDE737aT,SDE737aT
SDE737b.pdf,SDE737b,SDE737b
SDE737bT.pdf,SDE737bT,SDE737bT
SDE737c.pdf,SDE737c,SDE737c
SDE737cT.pdf,SDE737cT,SDE737cT
SDE738a.pdf,SDE738a,SDE738a
SDE738aT.pdf,SDE738aT,SDE738aT
SDE738b.pdf,SDE738b,SDE738b
SDE738bT.pdf,SDE738bT,SDE738bT
SDE740a.pdf,SDE740a,SDE740a
SDE740aT.pdf,SDE740aT,SDE740aT
SDE740b.pdf,SDE740b,SDE740b
SDE740bT.pdf,SDE740bT,SDE740bT
SDE740c.pdf,SDE740c,SDE740c
SDE740cT.pdf,SDE740cT,SDE740cT
SDE740d.pdf,SDE740d,SDE740d
SDE740dT.pdf,SDE740dT,SDE740dT
SDE740e.pdf,SDE740e,SDE740e
SDE740eT.pdf,SDE740eT,SDE740eT
SDE740f.pdf,SDE740f,SDE740f
SDE740fT.pdf,SDE740fT,SDE740fT
SDE740g.pdf,SDE740g,SDE740g
SDE740gT.pdf,SDE740gT,SDE740gT
SDE740h.pdf,SDE740h,SDE740h
SDE740hT.pdf,SDE740hT,SDE740hT
SDE740i.pdf,SDE740i,SDE740i
SDE740iT.pdf,SDE740iT,SDE740iT
SDE740j.pdf,SDE740j,SDE740j
SDE740jT.pdf,SDE740jT,SDE740jT
SDE741a.pdf,SDE741a,SDE741a
SDE741aT.pdf,SDE741aT,SDE741aT
SDE741bT.pdf,SDE741bT,SDE741bT
SDE741c.pdf,SDE741c,SDE741c
SDE741cT.pdf,SDE741cT,SDE741cT
SDE741d.pdf,SDE741d,SDE741d
SDE741dT.pdf,SDE741dT,SDE741dT
SDE746a.pdf,SDE746a,SDE746a
SDE746aT.pdf,SDE746aT,SDE746aT
SDE746b.pdf,SDE746b,SDE746b
SDE746bT.pdf,SDE746bT,SDE746bT
SDE746c.pdf,SDE746c,SDE746c
SDE746cT.pdf,SDE746cT,SDE746cT
SDE746d.pdf,SDE746d,SDE746d
SDE746dT.pdf,SDE746dT,SDE746dT
SDE746e.pdf,SDE746e,SDE746e
SDE746eT.pdf,SDE746eT,SDE746eT
SDE789.pdf,SDE789,SDE789
SME666.pdf,SME666,SME666
Sa716.pdf,Sa716,Sa716
Sd725.pdf,Sd725,Sd725
Sd725T.pdf,Sd725T,Sd725T
Ta656.pdf,Ta656,Ta656
Ta656T.pdf,Ta656T,Ta656T
Ta672.pdf,Ta672,Ta672
Te744.pdf,Te744,Te744
Te744T.pdf,Te744T,Te744T
Tl675a.pdf,Tl675a,Tl675a
Tl675aT.pdf,Tl675aT,Tl675aT
Tl675b.pdf,Tl675b,Tl675b
Tl675bT.pdf,Tl675bT,Tl675bT
Tl694.pdf,Tl694,Tl694
Tl694T.pdf,Tl694T,Tl694T
Tl732.pdf,Tl732,Tl732
Tm731.pdf,Tm731,Tm731
Tv716.pdf,Tv716,Tv716
Tv758.pdf,Tv758,Tv758
Tv758T.pdf,Tv758T,Tv758T
Tv786.pdf,Tv786,Tv786
Tv786T.pdf,Tv786T,Tv786T
Tv797.pdf,Tv797,Tv797
Tv797T.pdf,Tv797T,Tv797T
Xx633.pdf,Xx633,Xx633
Xx633T.pdf,Xx633T,Xx633T
Xx643.pdf,Xx643,Xx643
Za687.pdf,Za687,Za687
Za687T.pdf,Za687T,Za687T
Za719.pdf,Za719,Za719
Za719T.pdf,Za719T,Za719T